{
    "300": {
        "all": {
            "L2": 0.004602716998349087,
            "L3": 0.00012155231137643288,
            "L4": 1.765763167201689e-05,
            "L5": 7.31800253661965e-09
        },
        "2": {
            "L2": 0.004475099411512664,
            "L3": 0.0001180033668022092,
            "L4": 1.7149183359651367e-05,
            "L5": 7.123735396621046e-09
        },
        "3": {
            "L2": 0.046277610037405624,
            "L3": 0.0012651856086933568,
            "L4": 0.00018130597484876512,
            "L5": 6.954974712530264e-08
        },
        "4": {
            "L2": 0.10538833027837291,
            "L3": 0.0029608273223344934,
            "L4": 0.000425525020138029,
            "L5": 1.6488941555727254e-07
        },
        "5": {
            "L2": 0.18144800934358477,
            "L3": 0.005564434816144869,
            "L4": 0.0007966084618230123,
            "L5": 3.005912237996328e-07
        },
        "6": {
            "L2": 0.09430942416183598,
            "L3": 0.002984302339997293,
            "L4": 0.000428354166534904,
            "L5": 1.6599318547229814e-07
        },
        "7": {
            "L2": 0.06724140759782118,
            "L3": 0.0024725188848196693,
            "L4": 0.0003549057776477966,
            "L5": 1.4071801175151107e-07
        },
        "8": {
            "L2": 0.015919400878741417,
            "L3": 0.0006225736601285822,
            "L4": 8.950583726126774e-05,
            "L5": 5.027789290757798e-08
        }
    },
    "416": {
        "all": {
            "L2": 0.0046802166940650225,
            "L3": 0.00012359721046598893,
            "L4": 1.7953568236580303e-05,
            "L5": 7.437560126367609e-09
        },
        "2": {
            "L2": 0.004550785203864993,
            "L3": 0.00011999725794127797,
            "L4": 1.7437841036313956e-05,
            "L5": 7.240693446308104e-09
        },
        "3": {
            "L2": 0.04598754419576294,
            "L3": 0.0012572354752988478,
            "L4": 0.00018016361221252482,
            "L5": 6.908008768932507e-08
        },
        "4": {
            "L2": 0.09982007166537005,
            "L3": 0.002804445389602296,
            "L4": 0.0004030453300245376,
            "L5": 1.5608537209784494e-07
        },
        "5": {
            "L2": 0.12838234428195938,
            "L3": 0.003937140556443541,
            "L4": 0.000563643324342706,
            "L5": 2.1219868386385785e-07
        },
        "6": {
            "L2": 0.060374567100990886,
            "L3": 0.0019105750554117638,
            "L4": 0.00027423397819756123,
            "L5": 1.0577271710663495e-07
        },
        "7": {
            "L2": 0.04244115338933116,
            "L3": 0.0015606402197792188,
            "L4": 0.00022400740282055046,
            "L5": 8.740731125884689e-08
        },
        "8": {
            "L2": 0.009761473157944746,
            "L3": 0.00038186691973813756,
            "L4": 5.4878281855146893e-05,
            "L5": 2.9275203353561952e-08
        }
    },
    "563": {
        "all": {
            "L2": 0.004717663832740752,
            "L3": 0.000124584904114786,
            "L4": 1.8096487244908253e-05,
            "L5": 7.495288871453593e-09
        },
        "2": {
            "L2": 0.004587631315822069,
            "L3": 0.00012096756328364815,
            "L4": 1.757829978631187e-05,
            "L5": 7.297553513893454e-09
        },
        "3": {
            "L2": 0.0451857544395541,
            "L3": 0.0012352953611824479,
            "L4": 0.00017701788264158421,
            "L5": 6.786450560730013e-08
        },
        "4": {
            "L2": 0.09313442493030671,
            "L3": 0.002616639258658986,
            "L4": 0.00037605200310802337,
            "L5": 1.456233915183021e-07
        },
        "5": {
            "L2": 0.09301773773890193,
            "L3": 0.0028526170559733206,
            "L4": 0.0004083820168192695,
            "L5": 1.5371947844211654e-07
        },
        "6": {
            "L2": 0.04124298764345684,
            "L3": 0.0013051636822010912,
            "L4": 0.00018733482007699055,
            "L5": 7.269275636028089e-08
        },
        "7": {
            "L2": 0.02951306712623182,
            "L3": 0.0010852238859681313,
            "L4": 0.00015576103997555114,
            "L5": 6.099071713479304e-08
        },
        "8": {
            "L2": 0.006536184225707771,
            "L3": 0.0002557407387022014,
            "L4": 3.673567091563545e-05,
            "L5": 2.1335127258942604e-08
        }
    },
    "638": {
        "all": {
            "L2": 0.004727194808273823,
            "L3": 0.00012483615943116385,
            "L4": 1.813284005322904e-05,
            "L5": 7.509856331907956e-09
        },
        "2": {
            "L2": 0.004597218773608025,
            "L3": 0.00012121991523778461,
            "L4": 1.7614829475569374e-05,
            "L5": 7.312226706029037e-09
        },
        "3": {
            "L2": 0.044533805518608256,
            "L3": 0.0012174633255811493,
            "L4": 0.0001744620376018229,
            "L5": 6.688365415451553e-08
        },
        "4": {
            "L2": 0.08871876820550927,
            "L3": 0.00249258634080991,
            "L4": 0.00035822308910747597,
            "L5": 1.387215228517609e-07
        },
        "5": {
            "L2": 0.07741301737933827,
            "L3": 0.0023740586072282816,
            "L4": 0.00033987151733150305,
            "L5": 1.279472790814972e-07
        },
        "6": {
            "L2": 0.03348245474262347,
            "L3": 0.0010595683157039121,
            "L4": 0.00015208392949661126,
            "L5": 5.914908599953153e-08
        },
        "7": {
            "L2": 0.024048844139861025,
            "L3": 0.0008842740746800141,
            "L4": 0.00012691611940539324,
            "L5": 4.97950773440096e-08
        },
        "8": {
            "L2": 0.00529501596190728,
            "L3": 0.000207207580467312,
            "L4": 2.9758330901082646e-05,
            "L5": 1.7554087378375505e-08
        }
    },
    "735": {
        "all": {
            "L2": 0.004735610933599762,
            "L3": 0.00012505794831072352,
            "L4": 1.816493230220823e-05,
            "L5": 7.522641289983771e-09
        },
        "2": {
            "L2": 0.004605661632096648,
            "L3": 0.00012144206247063874,
            "L4": 1.7646989667044388e-05,
            "L5": 7.325111782014809e-09
        },
        "3": {
            "L2": 0.04398825226474312,
            "L3": 0.0012025392411158188,
            "L4": 0.00017232292527286157,
            "L5": 6.606260726418353e-08
        },
        "4": {
            "L2": 0.08552236682466832,
            "L3": 0.0024027873556817987,
            "L4": 0.0003453171229049615,
            "L5": 1.3371232460019782e-07
        },
        "5": {
            "L2": 0.06845053095521313,
            "L3": 0.0020991992214397797,
            "L4": 0.0003005226813774391,
            "L5": 1.1314481398506447e-07
        },
        "6": {
            "L2": 0.029226639177505842,
            "L3": 0.0009248771826080599,
            "L4": 0.00013275073105996295,
            "L5": 5.087466173587041e-08
        },
        "7": {
            "L2": 0.02138593031384433,
            "L3": 0.0007863264355128913,
            "L4": 0.00011285404469809376,
            "L5": 4.4213301389860725e-08
        },
        "8": {
            "L2": 0.004586087033743558,
            "L3": 0.0001795042323628285,
            "L4": 2.576941315787786e-05,
            "L5": 1.279810369498849e-08
        }
    },
    "868": {
        "all": {
            "L2": 0.004742411368921083,
            "L3": 0.00012523702112394756,
            "L4": 1.8190841205126105e-05,
            "L5": 7.5330625813044e-09
        },
        "2": {
            "L2": 0.004612720807223967,
            "L3": 0.00012162767793191038,
            "L4": 1.767386271859303e-05,