{
    "304": {
        "all": {
            "L2": 0.00457256880262067,
            "L3": 0.00021985537342210005,
            "L4": 3.624357388561715e-05,
            "L5": 3.08435696966569e-09
        },
        "2": {
            "L2": 0.004458207363782174,
            "L3": 0.0002141524196892264,
            "L4": 3.5308760848299025e-05,
            "L5": 3.021789769133026e-09
        },
        "3": {
            "L2": 0.03606176347179738,
            "L3": 0.0017707852616790536,
            "L4": 0.00029026163010415195,
            "L5": 1.9917116674966743e-08
        },
        "4": {
            "L2": 0.071257855100677,
            "L3": 0.0035905735902771545,
            "L4": 0.0005894036287541794,
            "L5": 4.126488521557518e-08
        },
        "5": {
            "L2": 0.1547453788169776,
            "L3": 0.008450882072126251,
            "L4": 0.001388200329472655,
            "L5": 8.807891078024516e-08
        },
        "6": {
            "L2": 0.08117591597294138,
            "L3": 0.004554406477609921,
            "L4": 0.0007495307063981977,
            "L5": 5.058050141796764e-08
        },
        "7": {
            "L2": 0.0684653416495703,
            "L3": 0.004439480246956654,
            "L4": 0.0007339141968705156,
            "L5": 4.830700062661662e-08
        },
        "8": {
            "L2": 0.0155687570455981,
            "L3": 0.0010671614397549417,
            "L4": 0.00017689866362432925,
            "L5": 2.1059888584802755e-08
        }
    }
}