{
    "300": {
        "all": {
            "L2": 0.0004907839561611512,
            "L3": 5.47973796084542e-06,
            "L4": 2.0738320790290888e-06,
            "L5": 3.2447742665031307e-09
        },
        "2": {
            "L2": 0.000488022155889584,
            "L3": 5.449171494341447e-06,
            "L4": 2.062231786494601e-06,
            "L5": 3.2264136364441895e-09
        },
        "3": {
            "L2": 0.0016361429191597784,
            "L3": 1.8038405075462067e-05,
            "L4": 6.879281473318742e-06,
            "L5": 1.0787222448142146e-08
        },
        "4": {
            "L2": 0.0038158692268974873,
            "L3": 4.297134847195898e-05,
            "L4": 1.6057220895193185e-05,
            "L5": 2.5523384601717928e-08
        },
        "5": {
            "L2": 0.0013506224159086995,
            "L3": 1.5153946097523496e-05,
            "L4": 5.684590756968338e-06,
            "L5": 9.955775253802159e-09
        },
        "6": {
            "L2": 0.0004947430580474104,
            "L3": 5.6064720105256275e-06,
            "L4": 2.086269839834434e-06,
            "L5": 6.095690290215023e-09
        },
        "7": {
            "L2": 7.061576271358616e-05,
            "L3": 8.191678162182326e-07,
            "L4": 3.0397805990374816e-07,
            "L5": 4.7969843237879515e-09
        },
        "8": {
            "L2": 1.6382535211094197e-05,
            "L3": 1.8390528452131072e-07,
            "L4": 6.092036848169398e-08,
            "L5": 1.0021681155385431e-08
        }
    }
}