{
    "302": {
        "all": {
            "L2": 0.0006954571043749096,
            "L3": 7.953612842502924e-06,
            "L4": 5.701453237463555e-06,
            "L5": 1.4172481994834436e-09
        },
        "2": {
            "L2": 0.0006917590709296152,
            "L3": 7.911464996772421e-06,
            "L4": 5.672420563114494e-06,
            "L5": 1.409319261589618e-09
        },
        "3": {
            "L2": 0.002116882500919818,
            "L3": 2.4098159378900223e-05,
            "L4": 1.7027623225446966e-05,
            "L5": 4.427429243356606e-09
        },
        "4": {
            "L2": 0.00449798802977074,
            "L3": 5.154653246453272e-05,
            "L4": 3.470324374711039e-05,
            "L5": 9.360680821620039e-09
        },
        "5": {
            "L2": 0.0016766688586815996,
            "L3": 1.9190472365246535e-05,
            "L4": 1.2236736988864131e-05,
            "L5": 5.42150807315829e-09
        },
        "6": {
            "L2": 0.0006247143987935747,
            "L3": 7.1851095448077644e-06,
            "L4": 4.309007345758478e-06,
            "L5": 6.076550346344919e-09
        },
        "7": {
            "L2": 7.782806723437024e-05,
            "L3": 9.189662405665643e-07,
            "L4": 5.288218271242417e-07,
            "L5": 6.944512040284544e-09
        },
        "8": {
            "L2": 2.2425862414054066e-05,
            "L3": 2.383048367432906e-07,
            "L4": 1.168707292938569e-07,
            "L5": 1.7437654468423983e-08
        }
    }
}